MHA.code;BPS.code;GEO.code;Province;Regency.City;IRBI.2018;IRBI.2019;IRBI.2020;IRBI.2021;Prod.2018;Prod.2019;Prod.2020;Prod.2021
1101;1103;60700;Aceh;Aceh Selatan;171.2;171.2;171.2;171.2;62.29;51.1;54;50.21
1102;1104;60800;Aceh;Aceh Tenggara;131.2;131.2;127.23;120.03;65.45;66.4;63.72;61.59
1103;1105;60400;Aceh;Aceh Timur;188.8;188.8;176.05;166.74;56.4;44.85;49.19;50.45
1104;1106;60500;Aceh;Aceh Tengah;124.8;124.8;124.8;124.8;60.38;51.25;47.53;47.16
1105;1107;60600;Aceh;Aceh Barat;203.2;203.2;189.04;179.15;45.17;42.83;45.54;51.39
1106;1108;60100;Aceh;Aceh Besar;211.2;211.2;211.2;209.78;59.29;57.05;54.8;57.35
1107;1109;60200;Aceh;Pidie;163.2;163.2;163.2;163.2;63.52;61.93;63.4;56.57
1108;1111;60300;Aceh;Aceh Utara;175.2;175.2;175.2;175.2;52.25;54.89;53.67;57.7
1109;1101;61100;Aceh;Simeulue;162;162;162;162;33.2;32.97;31.38;29.94
1110;1102;61300;Aceh;Aceh Singkil;178;178;178;178;56.16;55.38;50.97;51.76
1111;1110;61200;Aceh;Bireuen;168;168;168;168;61.44;63.7;66.01;61.32
1112;1112;61700;Aceh;Aceh Barat Daya;183.2;183.2;183.2;183.2;61.61;69.52;57.09;54.58
1113;1113;61800;Aceh;Gayo Lues;107.2;107.2;101.41;97.59;46.34;49.47;55.32;60.35
1114;1116;61600;Aceh;Aceh Jaya;197.6;197.6;178.8;165;53.26;51.46;58.41;49.6
1115;1115;61500;Aceh;Nagan Raya;203.2;203.2;203.2;200.08;55.21;51.52;44.03;46.07
1116;1114;61400;Aceh;Aceh Tamiang;155.2;155.2;146.52;139.2;48.16;48.11;46.75;48.75
1117;1117;61900;Aceh;Bener Meriah;123.2;123.2;123.2;119.36;50.43;55.44;54;46.57
1118;1118;62000;Aceh;Pidie Jaya;137.6;137.6;137.6;137.6;61.42;59.04;62.58;60.35
1171;1171;66100;Aceh;Kota Banda Aceh;145.83;145.83;127.31;117.02;54.89;52.35;52.96;53.31
1172;1172;66000;Aceh;Kota Sabang;125.6;125.6;116.62;108.65;;;;
1173;1174;66200;Aceh;Kota Lhokseumawe;130.11;130.11;130.11;130.11;46.05;49.34;55.31;57
1174;1173;66300;Aceh;Kota Langsa;143.2;143.2;143.2;138.73;44.39;41.2;40.38;40.77
1175;1175;66400;Aceh;Kota Subulussalam;95.2;95.2;95.2;95.2;55.41;50.48;51.69;53.37
1201;1204;70900;Sumatera Utara;Tapanuli Tengah;191.2;191.2;191.2;191.2;38.85;39.14;35.23;42.83
1202;1205;70800;Sumatera Utara;Tapanuli Utara;118;118;118;118;44.69;46.31;51.26;56.68
1203;1203;71000;Sumatera Utara;Tapanuli Selatan;186;186;186;176.35;52.3;49.74;51.4;52.68
1204;1201;71100;Sumatera Utara;Nias;214;214;214;210.71;35.47;32.27;37.2;40.62
1205;1213;70200;Sumatera Utara;Langkat;140.68;138.62;138.62;137.23;53.02;46.93;50.4;48.8
1206;1211;70300;Sumatera Utara;Karo;120.99;120.99;120.99;117.09;56.15;63.2;67.25;70.93
1207;1212;70100;Sumatera Utara;Deli Serdang;121.73;121.73;121.73;128.13;58.24;55.45;63.46;59.86
1208;1209;70400;Sumatera Utara;Simalungun;73.59;73.59;73.59;80.07;57.44;52.19;52.7;52.47
1209;1208;70600;Sumatera Utara;Asahan;167.2;167.2;167.2;167.2;57.38;61.54;57.14;56.18
1210;1207;70700;Sumatera Utara;Labuhanbatu;151.2;151.2;151.2;151.2;46.35;49.77;50.19;47.17
1211;1210;70500;Sumatera Utara;Dairi;127.6;127.6;127.6;119.44;52.45;49.69;53.94;51.53
1212;1206;71600;Sumatera Utara;Toba Samosir;107.2;107.2;107.2;107.2;59.43;61.95;60.41;60.63
1213;1202;71500;Sumatera Utara;Mandailing Natal;214.8;214.8;214.8;214.8;45.22;41.46;40.86;42.15
1214;1214;71700;Sumatera Utara;Nias Selatan;202;202;202;187.94;43.76;43.77;42.77;42.61
1215;1216;71800;Sumatera Utara;Pakpak Bharat;112;112;112;112;34.15;39.75;34.97;38.07
1216;1215;71900;Sumatera Utara;Humbang Hasundutan;130;130;130;130;48.91;41.75;47.11;43.28
1217;1217;72000;Sumatera Utara;Samosir;114;114;114;114;51.34;53.05;46.8;53.83
1218;1218;72100;Sumatera Utara;Serdang Bedagai;140;140;140;124.57;57.95;58.08;60.85;55.06
1219;1219;72200;Sumatera Utara;Batu Bara;143.2;143.2;143.2;143.2;52.03;52.7;56.93;56.39
1220;1220;72300;Sumatera Utara;Padang Lawas Utara;138;138;138;138;43.5;44.23;40.18;41.07
1221;1221;72400;Sumatera Utara;Padang Lawas;154;154;154;154;38.72;33.01;34.89;37.82
1222;1222;72600;Sumatera Utara;Labuhanbatu Selatan;131.2;131.2;131.2;131.2;35.26;37.98;37.96;43.75
1223;1223;72500;Sumatera Utara;Labuhanbatu Utara;155.2;155.2;155.2;155.2;47.42;45.61;45.75;42.41
1224;1224;72800;Sumatera Utara;Nias Utara;214;214;214;214;41.58;44.61;41.83;41.31
1225;1225;72700;Sumatera Utara;Nias Barat;210.8;210.8;210.8;210.8;40.5;37.63;39.2;44.81
1271;1275;76000;Sumatera Utara;Kota Medan;93.77;93.77;93.77;93.77;45.96;50.91;54.35;50.6
1272;1273;76300;Sumatera Utara;Kota Pematangsiantar;91.2;91.2;91.2;91.2;60.55;62.43;61.57;61.83
1273;1271;76500;Sumatera Utara;Kota Sibolga;167.2;167.2;167.2;167.2;0;0;0;0
1274;1272;76400;Sumatera Utara;Kota Tanjung Balai;114;114;114;114;50.95;53.29;56.58;51.9
1275;1276;76100;Sumatera Utara;Kota Binjai;103.2;103.2;103.2;103.2;41.81;40.15;54.05;51.86
1276;1274;76200;Sumatera Utara;Kota Tebing Tinggi;101.6;101.6;101.6;100.04;52.38;62.24;55.17;52.73
1277;1277;76600;Sumatera Utara;Kota Padang Sidempuan;128;128;128;128;51.57;50.29;55.51;52.33
1278;1278;76700;Sumatera Utara;Kota Gunungsitoli;215.6;215.6;215.6;215.6;52.26;51.7;56.84;49.06
1301;1302;80600;Sumatera Barat;Pesisir Selatan;189.6;189.6;189.6;169.42;50.27;51.06;48.05;48.01
1302;1303;80400;Sumatera Barat;Solok;137.2;137.2;137.2;137.2;50.61;49.38;46.44;52.63
1303;1304;80800;Sumatera Barat;Sijunjung;107.2;107.2;107.2;107.2;39.89;34.17;39.1;36.67
1304;1305;80700;Sumatera Barat;Tanah Datar;125.2;125.2;125.2;125.2;52.67;56.12;53.35;56.39
1305;1306;80500;Sumatera Barat;Padang Pariaman;184.11;180.72;167.21;156.73;46.05;48.04;46.98;45.37
1306;1307;80100;Sumatera Barat;Agam;209.2;209.2;209.2;193.52;51.67;49.32;52.36;51.4
1307;1308;80300;Sumatera Barat;Lima Puluh Kota;119.2;119.2;119.2;119.2;43.07;41.49;43.6;43.99
1308;1309;80200;Sumatera Barat;Pasaman;178;178;178;176.8;42.63;43.62;45;45.93
1309;1301;81000;Sumatera Barat;Kepulauan Mentawai;197.2;197.2;197.2;197.2;26.35;25.17;24.71;24.97
1310;1311;81200;Sumatera Barat;Dharmasraya;143.2;143.2;143.2;137.69;43.2;46.29;44.59;48.86
1311;1310;81100;Sumatera Barat;Solok Selatan;137.2;137.2;137.2;137.2;42.49;42.33;35.54;40.07
1312;1312;81300;Sumatera Barat;Pasaman Barat;203.2;203.2;203.2;203.2;49.51;45.7;46.98;47.4
1371;1371;86100;Sumatera Barat;Kota Padang;191.6;169.92;169.92;181.7;46.71;50.13;45.48;50.43
1372;1372;86400;Sumatera Barat;Kota Solok;125.2;125.2;125.2;125.2;52.09;57.57;64.67;58.72
1373;1373;86300;Sumatera Barat;Kota Sawahlunto;113.2;113.2;113.2;113.2;47.66;46.99;42.91;54.17
1374;1374;86200;Sumatera Barat;Kota Padang Panjang;113.2;113.2;113.2;113.2;46.96;55.09;57.67;62.91
1375;1375;86000;Sumatera Barat;Kota Bukittinggi;130;130;130;130;58.63;65.41;60.91;69.32
1376;1376;86500;Sumatera Barat;Kota Payakumbuh;104.8;104.8;104.8;104.8;47;45.57;49.16;50.02
1377;1377;86600;Sumatera Barat;Kota Pariaman;171.2;171.2;171.2;171.2;49.5;56.45;49.05;47.11
1401;1406;90100;Riau;Kampar;155.2;155.2;155.2;139.93;35;29.42;38.08;33.61
1402;1402;90400;Riau;Indragiri Hulu;132.4;132.4;132.4;132.4;36.2;40.91;40.59;41.15
1403;1408;90200;Riau;Bengkalis;156.4;156.4;156.4;140.37;31;36.39;41.83;39.94
1404;1403;90500;Riau;Indragiri Hilir;168.4;168.4;168.4;168.4;46.9;36.61;40.2;42.37
1405;1404;90800;Riau;Pelalawan;156.4;156.4;156.4;156.4;31.9;33.37;27.81;38.16
1406;1407;90900;Riau;Rokan Hulu;155.2;155.2;155.2;155.2;34.6;35.76;37.55;33.3
1407;1409;91000;Riau;Rokan Hilir;167.2;167.2;167.2;155.57;36.1;41.98;39.07;51.4
1408;1405;91100;Riau;Siak;156.4;156.4;156.4;143.11;44.5;36.55;42.32;43.27
1409;1401;91400;Riau;Kuantan Singingi;131.2;131.2;131.2;131.2;39.2;35.75;33.61;38.22
1410;1410;91500;Riau;Kepulauan Meranti;147.6;147.6;147.6;147.6;33.4;28.67;27.95;29.37
1471;1471;96000;Riau;Kota Pekanbaru;132.4;132.4;132.4;130.37;;;;
1472;1473;96200;Riau;Kota Dumai;108.4;108.4;108.4;108.4;30.3;39.06;29.65;24.22
1501;1501;100300;Jambi;Kerinci;136.34;136.34;136.34;125.06;51.7;53.1;51.51;53.9
1502;1502;100900;Jambi;Merangin;166;166;166;166;40.7;40.6;43.9;38.8
1503;1503;100300;Jambi;Sarolangun;131.44;131.44;131.44;131.44;31.6;37.7;33.4;36.9
1504;1504;100100;Jambi;Batanghari;120.4;120.4;120.4;120.4;40.2;33.5;43.6;41.4
1505;1505;100700;Jambi;Muaro Jambi;132.4;132.4;132.4;127.31;36.1;29;41.3;38.4
1506;1507;100400;Jambi;Tanjung Jabung Barat;156.4;156.4;156.4;143.88;44.5;41.6;41.3;43.7
1507;1506;100800;Jambi;Tanjung Jabung Timur;156.4;156.4;156.4;156.4;37.6;42.9;44.5;41.4
1508;1509;100200;Jambi;Bungo;143.2;143.2;143.2;143.2;43.7;39;37.3;36.5
1509;1508;100600;Jambi;Tebo;131.2;131.2;131.2;131.2;46.7;38.3;45.5;50
1571;1571;106000;Jambi;Kota Jambi;126.9;126.9;126.9;127.23;40.6;32.6;42.9;38.2
1572;1572;106100;Jambi;Kota Sungai Penuh;124.4;124.4;124.4;116.44;60.2;60.9;61.3;63.1
1601;1601;110300;Sumatera Selatan;Ogan Komering Ulu;155.2;155.2;155.2;155.2;46.47;49.15;45.45;43.86
1602;1602;110200;Sumatera Selatan;Ogan Komering Ilir;153.2;153.2;153.2;153.2;50.65;50.71;54.5;54.82
1603;1603;110400;Sumatera Selatan;Muara Enim;155.2;155.2;155.2;155.2;46.57;41.42;41.45;39.97
1604;1604;110500;Sumatera Selatan;Lahat;109.07;109.07;109.07;116.55;53.96;50.44;49.6;48.15
1605;1605;110600;Sumatera Selatan;Musi Rawas;155.2;155.2;155.2;145.27;50.15;47.19;54.16;58.97
1606;1606;110100;Sumatera Selatan;Musi Banyuasin;132.4;132.4;132.4;125.53;45.18;46.34;46.83;47.41
1607;1607;110700;Sumatera Selatan;Banyuasin;136.95;136.07;141.43;137.81;48.84;43.43;43.43;48
1608;1609;110800;Sumatera Selatan;Ogan Komering Ulu Timur;131.2;131.2;131.2;131.2;65.98;62.46;63.59;60.01
1609;1608;110900;Sumatera Selatan;Ogan Komering Ulu Selatan;130;130;130;120.26;44.51;51.93;51.54;58.01
1610;1610;111000;Sumatera Selatan;Ogan Ilir;132.4;132.4;120.56;116.43;47.59;37.48;37.61;41.76
1611;1611;111100;Sumatera Selatan;Empat Lawang;158;158;158;153.07;41.73;39.62;44.81;42.17
1612;1612;111200;Sumatera Selatan;Penukal Abab Lematang Ilir;155.2;155.2;155.2;155.2;40.66;40.08;40.06;43.03
1613;1613;111300;Sumatera Selatan;Musi Rawas Utara;155.2;155.2;155.2;154.15;42.94;39.36;45.67;42.62
1671;1671;116000;Sumatera Selatan;Kota Palembang;131.6;131.6;131.6;131.6;54.65;46.45;42.32;41.62
1672;1673;116300;Sumatera Selatan;Kota Pagar Alam;126.4;126.4;126.4;126.4;53.07;47.73;53.11;53.95
1673;1674;116200;Sumatera Selatan;Kota Lubuk Linggau;124.8;124.8;124.8;124.8;50.55;57.27;51.54;52.94
1674;1672;116100;Sumatera Selatan;Kota Prabumulih;132.4;132.4;132.4;132.4;50.67;40.82;39.52;38.77
1701;1701;260300;Bengkulu;Bengkulu Selatan;186.4;186.4;186.4;186.4;44.34;41.58;43.55;48.4
1702;1702;260200;Bengkulu;Rejang Lebong;113.59;100.71;100.71;92.58;44.8;50.32;52.93;51.91
1703;1703;260100;Bengkulu;Bengkulu Utara;205.6;205.6;205.6;186.25;39.79;44.08;45.72;43.03
1704;1704;260700;Bengkulu;Kaur;203.2;203.2;203.2;196.86;39.73;39.57;40.14;43.09
1705;1705;260800;Bengkulu;Seluma;191.2;191.2;191.2;165.74;39.23;37.56;37.63;43.29
1706;1706;260400;Bengkulu;Muko Muko;166.02;166.02;166.02;172.29;56.49;54.93;58.68;55.81
1707;1707;260600;Bengkulu;Lebong;118;118;118;118;48.62;61.67;50.96;60.87
1708;1708;260500;Bengkulu;Kepahiang;138;138;138;138;44.7;50.44;46.76;45.94
1709;1709;260900;Bengkulu;Bengkulu Tengah;173.2;173.2;173.2;167.8;37.37;37.15;39.51;38.83
1771;1771;266000;Bengkulu;Kota Bengkulu;137.68;137.68;137.68;147.5;47.46;51.78;51.34;50.34
1801;1803;120100;Lampung;Lampung Selatan;187.2;187.2;187.2;187.2;55.07;60.33;56.91;64.54
1802;1805;120200;Lampung;Lampung Tengah;131.2;131.2;131.2;131.2;45.78;46.33;52.6;48.8
1803;1806;120300;Lampung;Lampung Utara;131.2;131.2;131.2;131.2;43.25;41;44.21;43.83
1804;1801;120400;Lampung;Lampung Barat;204.22;179.29;179.29;163.85;52.36;43.39;42.6;49.31
1805;1808;120500;Lampung;Tulang Bawang;144.4;144.4;144.4;144.4;44.55;42.26;38.65;44.2
1806;1802;120600;Lampung;Tanggamus;135.86;135.86;135.86;135.86;58.39;49.82;55.07;54.68
1807;1804;120700;Lampung;Lampung Timur;183.2;183.2;183.2;183.2;44.23;44;48.43;47.55
1808;1807;120800;Lampung;Way Kanan;131.2;131.2;131.2;131.2;49.82;33.79;44.37;47.25
1809;1809;120900;Lampung;Pesawaran;181.6;181.6;181.6;181.6;55.12;54.11;51.3;53.34
1810;1810;121000;Lampung;Pringsewu;95.2;95.2;95.2;95.2;56.87;52.57;56.8;56.63
1811;1811;121100;Lampung;Mesuji;120.4;120.4;120.4;120.4;51.23;43.89;41.48;51.79
1812;1812;121200;Lampung;Tulang Bawang Barat;120.4;120.4;120.4;120.4;37.59;50.52;47.73;48.33
1813;1813;121300;Lampung;Pesisir Barat;204.22;179.29;179.29;189.7;51.02;46.16;47.06;51
1871;1871;126000;Lampung;Kota Bandar Lampung;165.56;165.56;165.56;165.56;56.32;54.71;47.92;54.49
1872;1872;126100;Lampung;Kota Metro;113.6;113.6;113.6;100.26;48.18;43.6;57.24;46.74
1901;1901;290100;Kepulauan Bangka Belitung;Bangka;168.4;168.4;168.4;168.4;18.27;20.77;28.40;29.78
1902;1902;290200;Kepulauan Bangka Belitung;Belitung;168.4;168.4;168.4;164.44;25.38;26.38;21.58;23.79
1903;1905;290500;Kepulauan Bangka Belitung;Bangka Selatan;180.4;180.4;180.4;180.4;30.26;33.92;35.31;43.06
1904;1904;290300;Kepulauan Bangka Belitung;Bangka Tengah;144.4;144.4;144.4;144.4;32.46;39.20;36.87;30.33
1905;1903;290400;Kepulauan Bangka Belitung;Bangka Barat;180.4;180.4;180.4;180.4;17.05;16.79;21.91;27.09
1906;1906;290600;Kepulauan Bangka Belitung;Belitung Timur;168.4;168.4;168.4;168.4;27.90;20.34;25.44;30.30
1971;1971;296000;Kepulauan Bangka Belitung;Kota Pangkal Pinang;120.4;120.4;120.4;120.4;;;;
2101;2102;310100;Kepulauan Riau;Bintan;132.4;132.4;132.4;132.4;30.96;45;29.65;34.61
2102;2101;310200;Kepulauan Riau;Karimun;120.4;120.4;120.4;120.4;26.84;31.38;15.28;34.9
2103;2103;310300;Kepulauan Riau;Natuna;112.4;112.4;112.4;112.4;23.76;34.47;29.52;27.32
2104;2104;310400;Kepulauan Riau;Lingga;108.4;108.4;108.4;108.4;34.13;28.08;32.2;32.99
2105;2105;310500;Kepulauan Riau;Kepulauan Anambas;112.4;112.4;112.4;103.4;30.56;41.1;31.97;37.89
2171;2171;316000;Kepulauan Riau;Kota Batam;120.4;120.4;120.4;117.57;;;;
2172;2172;316100;Kepulauan Riau;Kota Tanjung Pinang;108.4;108.4;108.4;108.4;;;;
3101;3101;10100;DKI Jakarta;Administrasi Kepulauan Seribu;64.8;64.8;56.66;49.46;;;;
3171;3173;16000;DKI Jakarta;Kota Jakarta Pusat;63.93;57.27;56.9;54.41;;;;
3172;3175;16100;DKI Jakarta;Kota Jakarta Utara;81.17;72.72;72.25;69.08;59.41;53.27;49.64;59.48
3173;3174;16200;DKI Jakarta;Kota Jakarta Barat;79.85;71.53;71.07;67.95;46.3;59.49;50.11;64.49
3174;3171;16300;DKI Jakarta;Kota Jakarta Selatan;58.62;52.52;52.18;49.89;;;;
3175;3172;16400;DKI Jakarta;Kota Jakarta Timur;84.36;75.57;75.08;71.79;57.6;59.42;55.49;61.14
3201;3201;20500;Jawa Barat;Bogor;136.88;136.88;136.88;125.31;56.39;55.99;53.68;49.66
3202;3202;20600;Jawa Barat;Sukabumi;190.75;190.75;190.75;192.4;52.79;50.2;55.85;55.07
3203;3203;20700;Jawa Barat;Cianjur;207.13;207.13;215.08;197.08;58.13;54.43;54.72;53.88
3204;3204;20800;Jawa Barat;Bandung;174;174;174;161.89;57.01;61.13;55.27;61.46
3205;3205;21100;Jawa Barat;Garut;208.63;208.63;205.52;185;56.16;55.9;54.56;58.36
3206;3206;21200;Jawa Barat;Tasikmalaya;203.01;203.01;203.01;186.51;58.49;52.93;60.92;53.77
3207;3207;21400;Jawa Barat;Ciamis;163.29;156.23;141.57;122.22;59.04;54.04;53.43;58.23
3208;3208;21500;Jawa Barat;Kuningan;154;154;131.13;131.13;57.91;49.76;60.57;58.41
3209;3209;21700;Jawa Barat;Cirebon;170.79;160.63;160.63;147.51;58.8;57.31;59.72;54.71
3210;3210;21600;Jawa Barat;Majalengka;166;166;143.43;124.74;61.63;60.21;57.77;54.79
3211;3211;21000;Jawa Barat;Sumedang;162;162;142.15;124.39;55.67;53.63;54.96;49.12
3212;3212;21800;Jawa Barat;Indramayu;167.22;167.22;136.79;114.59;59.93;63.8;60.16;58.12
3213;3213;21900;Jawa Barat;Subang;175.2;175.2;171.91;168.78;57.07;60.33;57.3;58.52
3214;3214;22000;Jawa Barat;Purwakarta;138;138;137.31;124.53;53.11;54.37;52.76;50.98
3215;3215;22100;Jawa Barat;Karawang;175.2;175.2;174.43;165.58;56.34;60.16;59.8;62.36
3216;3216;22200;Jawa Barat;Bekasi;133.03;133.03;132.89;130.11;52.29;56.23;48.86;58.56
3217;3217;22300;Jawa Barat;Bandung Barat;115.01;110.22;110.22;108.18;53.11;54.48;56.39;52.97
3218;3218;22500;Jawa Barat;Pangandaran;168.52;145.44;145.44;129.21;53.63;58.47;52.87;50.58
3271;3271;26100;Jawa Barat;Kota Bogor;75.75;75.75;75.75;65.38;200.18;48.85;45.7;47.69
3272;3272;26200;Jawa Barat;Kota Sukabumi;114.4;114.4;114.4;102.67;54.83;63.17;62.22;61.57
3273;3273;26000;Jawa Barat;Kota Bandung;122.32;122.32;122.32;111.32;45.25;60.23;63.28;69.21
3274;3274;26300;Jawa Barat;Kota Cirebon;172.76;172.76;172.76;157.19;68.52;47.2;45.67;53.72
3275;3275;26500;Jawa Barat;Kota Bekasi;131.6;131.6;131.6;123.18;90.43;58.76;56.3;48.21
3276;3276;26600;Jawa Barat;Kota Depok;89.63;89.63;89.63;82.56;56.68;54.72;61.06;53.83
3277;3277;26700;Jawa Barat;Kota Cimahi;120.4;120.4;105.41;91.71;31.51;57.32;56.45;57.78
3278;3278;26800;Jawa Barat;Kota Tasikmalaya;119.2;119.2;119.2;117.37;51.55;51.22;48.02;57.52
3279;3279;26900;Jawa Barat;Kota Banjar;152.8;152.8;152.8;152.8;57.02;56.86;53.09;62.24
3301;3301;30100;Jawa Tengah;Cilacap;138.61;124.2;112.75;112.75;63.97;63.55;67.49;63.9
3302;3302;30200;Jawa Tengah;Banyumas;207.2;207.2;193.71;164.25;54.85;52.09;55.49;55.43
3303;3303;30300;Jawa Tengah;Purbalingga;159.2;159.2;159.2;148.12;63.41;54.37;56.83;53.65
3304;3304;30400;Jawa Tengah;Banjarnegara;150;150;127.36;127.36;58.02;58.83;52.45;56.39
3305;3305;30500;Jawa Tengah;Kebumen;140.31;131.45;114.67;114.67;57.42;56.09;50.41;52.65
3306;3306;30600;Jawa Tengah;Purworejo;215.2;215.2;190.01;163.63;53.11;53.37;54.83;53.49
3307;3307;30700;Jawa Tengah;Wonosobo;122.94;122.94;122.94;102.83;49.81;50.55;52.7;50.89
3308;3308;30800;Jawa Tengah;Magelang;90.82;81.07;71.16;71.16;55.68;53.95;48.32;52.02
3309;3309;30900;Jawa Tengah;Boyolali;159.2;159.2;130.32;130.32;56.05;57.74;47.2;56.17
3310;3310;31000;Jawa Tengah;Klaten;123.2;123.2;99.24;99.24;57.93;57.74;53.24;57.66
3311;3311;31100;Jawa Tengah;Sukoharjo;93.2;93.2;93.2;93.2;64.83;69.19;68.71;65.74
3312;3312;31200;Jawa Tengah;Wonogiri;145.6;145.6;124.77;124.77;54.92;54.09;55.7;59.03
3313;3313;31300;Jawa Tengah;Karanganyar;130.4;130.4;108.03;108.03;62.03;61.76;60.02;59.86
3314;3314;31400;Jawa Tengah;Sragen;142;142;142;133.75;61.15;68.66;65.57;66.28
3315;3315;31500;Jawa Tengah;Grobogan;162;162;154.66;131.66;59.24;56.72;61.1;60.37
3316;3316;31600;Jawa Tengah;Blora;150;150;135.33;123.19;58.6;53.09;51.21;48.9
3317;3317;31700;Jawa Tengah;Rembang;171.6;171.6;151.12;131.73;56.75;44.04;40.31;52.95
3318;3318;31800;Jawa Tengah;Pati;174;174;171.1;171.1;60.23;59.54;58.71;55.37
3319;3319;31900;Jawa Tengah;Kudus;131.6;131.6;130.59;119.71;61.46;65.79;55.44;56.91
3320;3320;32000;Jawa Tengah;Jepara;163.2;163.2;148.77;135.11;52.02;53.42;50.11;48.19
3321;3321;32100;Jawa Tengah;Demak;118.21;118.21;105.77;105.21;61.16;62.47;61.76;61.93
3322;3322;32200;Jawa Tengah;Semarang;143.2;143.2;118.89;118.89;57.44;54.56;58.08;52.62
3323;3323;32300;Jawa Tengah;Temanggung;143.2;143.2;134.51;121.33;64.2;63.25;61.79;58.73
3324;3324;32400;Jawa Tengah;Kendal;124.57;111.2;98.97;100.4;54.12;58.82;54.25;55.27
3325;3325;32500;Jawa Tengah;Batang;168.4;168.4;168.4;161.93;48.17;50.15;49.4;49.97
3326;3326;32600;Jawa Tengah;Pekalongan;183.2;183.2;172.56;160.19;47.35;50.27;46.48;44.42
3327;3327;32700;Jawa Tengah;Pemalang;185.7;185.7;165.97;146.38;51.06;57.19;53.26;54.19
3328;3328;32800;Jawa Tengah;Tegal;212.8;212.8;181.08;158.93;56.69;48.32;53.7;52.42
3329;3329;32900;Jawa Tengah;Brebes;211.2;211.2;189.94;189.94;53.03;54.31;60.91;54.58
3371;3371;36000;Jawa Tengah;Kota Magelang;108;108;108;108;51.99;59.09;57.79;51.52
3372;3372;36100;Jawa Tengah;Kota Surakarta;80;80;67.96;67.96;69.19;64;62.05;54.55
3373;3373;36200;Jawa Tengah;Kota Salatiga;91.2;91.2;91.2;91.2;60.1;57.2;60.38;55.48
3374;3374;36300;Jawa Tengah;Kota Semarang;120.75;113.83;115.52;108.63;54.64;53.2;55.93;47.35
3375;3375;36400;Jawa Tengah;Kota Pekalongan;147.6;147.6;138.13;138.13;53.67;55.36;47.7;51.52
3376;3376;36500;Jawa Tengah;Kota Tegal;116.8;116.8;116.8;116.8;63.71;58.08;35.64;48.38
3401;3401;40400;DI Yogyakarta;Kulon Progo;203.2;203.2;203.2;180.8;60.55;58.34;52.38;57.37
3402;3402;40100;DI Yogyakarta;Bantul;187.2;187.2;187.2;157.3;57.35;57.61;56.6;57.53
3403;3403;40300;DI Yogyakarta;Gunungkidul;157.6;157.6;157.6;142.09;53.68;40.6;41.89;47.01
3404;3404;40200;DI Yogyakarta;Sleman;90.17;83.72;83.72;78.96;49.03;47.23;46.84;50.39
3471;3471;46000;DI Yogyakarta;Kota Yogyakarta;73;72.86;72.86;72.57;54.23;51.82;52.71;52.88
3501;3501;51200;Jawa Timur;Pacitan;126.21;124.13;124.78;131.88;46.92;44.84;43.51;46.64
3502;3502;51100;Jawa Timur;Ponorogo;140.77;129.95;120.95;112.48;57.85;55.48;57.99;58.87
3503;3503;51700;Jawa Timur;Trenggalek;170.91;152.08;139.3;130.29;50.19;54.81;55.24;51.78
3504;3504;51600;Jawa Timur;Tulungagung;169.75;152.94;140.39;128.23;62.23;56.8;58.44;59.7
3505;3505;51500;Jawa Timur;Blitar;198.06;185.57;169.22;154.75;58.95;61.9;56.57;64.02
3506;3506;51300;Jawa Timur;Kediri;163.09;146.58;136.75;127.63;58.6;56.49;59.38;56.45
3507;3507;51800;Jawa Timur;Malang;142.1;139.58;139.35;146.98;54.12;58.08;59.49;60.28
3508;3508;52100;Jawa Timur;Lumajang;129.74;122.33;115.06;134.73;55.85;53.1;54.05;52.07
3509;3509;52400;Jawa Timur;Jember;198.8;190.13;162.85;152.63;55.88;49.91;48.54;49.64
3510;3510;52500;Jawa Timur;Banyuwangi;168.29;151.32;137.16;128.03;62.76;54.6;56.06;57.61
3511;3511;52200;Jawa Timur;Bondowoso;166;162.97;136.38;116.61;50;47.02;48.15;50.16
3512;3512;52300;Jawa Timur;Situbondo;168.4;152.8;130.27;114.15;55.98;55.47;52.39;49.74
3513;3513;52000;Jawa Timur;Probolinggo;162.29;171.8;154.13;139.18;45.78;49.1;52.16;51.34
3514;3514;51900;Jawa Timur;Pasuruan;214;179.24;154.64;137.01;58.02;50.1;51.37;52.67
3515;3515;50200;Jawa Timur;Sidoarjo;85.29;81.17;78.89;84.9;67.48;68.48;60.93;62.14
3516;3516;50300;Jawa Timur;Mojokerto;163.6;142.2;125.4;110.73;59.42;61.78;57.37;57.95
3517;3517;50400;Jawa Timur;Jombang;154.8;145.38;144.77;137;62.15;61.32;61.51;59.46
3518;3518;51400;Jawa Timur;Nganjuk;152.8;135.14;122.12;112.86;59.4;61.45;61.4;59.26
3519;3519;50800;Jawa Timur;Madiun;155.2;136.99;153.86;136.02;58.54;61.65;61.1;60.99
3520;3520;51000;Jawa Timur;Magetan;152.8;141.53;160.47;137.39;63.53;61.72;66.01;63.37
3521;3521;50900;Jawa Timur;Ngawi;143.2;143.18;136.9;132.3;60.64;63.44;66.54;61.09
3522;3522;50500;Jawa Timur;Bojonegoro;96.93;96.56;94.91;94.19;53.47;53.71;53.74;50.07
3523;3523;50600;Jawa Timur;Tuban;175.2;175.2;162.69;150.74;56.39;57.01;54.91;55.58
3524;3524;50700;Jawa Timur;Lamongan;139.55;126.3;118.6;113.9;60.85;59.78;59.86;57.25
3525;3525;50100;Jawa Timur;Gresik;101.35;123.51;116.19;115.3;59.97;59.65;60.84;61.84
3526;3526;52900;Jawa Timur;Bangkalan;139.01;137.38;127.67;121;59.47;50.59;47.06;46.38
3527;3527;52700;Jawa Timur;Sampang;154.8;151.51;141.03;130.59;50.01;47.27;50.73;51.27
3528;3528;52600;Jawa Timur;Pamekasan;180.4;180.4;184.83;157.1;51.63;45.27;50.48;51.11
3529;3529;52800;Jawa Timur;Sumenep;204.8;196.36;169.34;155.93;56.13;48.45;53.56;55.08
3571;3571;56300;Jawa Timur;Kota Kediri;140.8;125.36;114.11;100.84;64.72;50.38;60.99;54.95
3572;3572;56500;Jawa Timur;Kota Blitar;132;115.2;106.73;108.28;69.89;66.74;68.38;65.46
3573;3573;56100;Jawa Timur;Kota Malang;113.6;104.75;98.08;88.29;56.27;68.88;67.43;63.14
3574;3574;56700;Jawa Timur;Kota Probolinggo;148.4;132.86;117.41;108.3;48.41;51.1;52.03;58.3
3575;3575;56600;Jawa Timur;Kota Pasuruan;158.4;137.24;129.28;116.95;64.92;52.57;61.35;53.45
3576;3576;56400;Jawa Timur;Kota Mojokerto;142.8;142.8;132.92;135.88;63.43;50.87;60.85;58.53
3577;3577;56200;Jawa Timur;Kota Madiun;136;126.95;141.7;130.84;61.61;63.42;65.55;60.58
3578;3578;56000;Jawa Timur;Kota Surabaya;166.8;159.87;159.87;150.35;52.57;55.65;59.7;56.64
3579;3579;56800;Jawa Timur;Kota Batu;134.4;117.32;107.7;98.56;65.61;63.53;66.5;69.67
3601;3601;280100;Banten;Pandeglang;215.2;215.2;177.46;177.46;48.2;49.91;54.47;50.73
3602;3602;280200;Banten;Lebak;215.2;215.2;182.04;182.04;46.7;44.5;48.72;50.42
3603;3603;280300;Banten;Tangerang;185.63;170.15;146.93;146.93;47.2;50.37;51.8;50.63
3604;3604;280400;Banten;Serang;203.2;203.2;203.2;176.14;52.8;47.57;46.8;48.63
3671;3671;286100;Banten;Kota Tangerang;136;136;136;132.8;51.2;63.2;58.59;52.98
3672;3672;286000;Banten;Kota Cilegon;164.32;147.21;128.15;121.23;48.1;55.62;51.32;52.55
3673;3673;286200;Banten;Kota Serang;168.56;168.56;168.56;168.56;58.6;58.29;52.93;57.45
3674;3674;286300;Banten;Kota Tangerang Selatan;102.4;102.4;96.61;87.44;50;49.98;20.8;
5101;5101;220200;Bali;Jembrana;179.2;168.18;160.41;152.62;59.1;62.7;52.41;53.14
5102;5102;220300;Bali;Tabanan;171.65;160.22;153.27;153.27;58.5;59.67;56.53;57.13
5103;5103;220400;Bali;Badung;115.52;106.93;101.81;101.81;60.1;66.04;61.33;60.86
5104;5104;220500;Bali;Gianyar;140.8;136.09;129.79;129.79;61.9;58.08;60.45;60.28
5105;5105;220600;Bali;Klungkung;163.39;145.92;133.42;124.22;58.5;69.44;68.38;62.48
5106;5106;220700;Bali;Bangli;152.8;144.18;139.46;133.69;50.4;51.78;49.78;50.6
5107;5107;220800;Bali;Karangasem;159.06;137.94;137.94;123.15;63.9;59.34;58.76;59.86
5108;5108;220100;Bali;Buleleng;114.66;107.35;102.05;92.45;59.9;57.14;55.66;58.8
5171;5171;226000;Bali;Kota Denpasar;110.08;107.98;106.7;106.7;60.8;74.53;75.18;75.54
5201;5201;230100;Nusa Tenggara Barat;Lombok Barat;181.2;161.83;161.83;145.84;56.66;47.96;48.6;49.6
5202;5202;230200;Nusa Tenggara Barat;Lombok Tengah;166.12;157.08;157.08;146.99;51.88;49.33;43.84;49.78
5203;5203;230300;Nusa Tenggara Barat;Lombok Timur;157.06;142.75;142.75;137.88;56.89;55.59;50.6;55.39
5204;5204;230400;Nusa Tenggara Barat;Sumbawa;150;150;150;150;51.78;47.68;51.62;51.48
5205;5205;230500;Nusa Tenggara Barat;Dompu;111.36;111.36;111.36;107.21;53.76;49.1;46.31;50.63
5206;5206;230600;Nusa Tenggara Barat;Bima;137.43;129.95;129.95;129.72;52.01;45.64;45.65;48.91
5207;5207;230700;Nusa Tenggara Barat;Sumbawa Barat;152.4;142.3;142.3;128.53;50.87;52.74;50.76;53.37
5208;5208;230800;Nusa Tenggara Barat;Lombok Utara;120.62;106.91;106.91;94.5;50.37;59.5;56.31;56.7
5271;5271;236000;Nusa Tenggara Barat;Kota Mataram;96.68;88.95;88.95;90.03;64.16;63.5;68.69;63.47
5272;5272;236100;Nusa Tenggara Barat;Kota Bima;94.91;89.37;89.37;92.61;61.06;46.52;48.64;49.92
5301;5303;240100;Nusa Tenggara Timur;Kupang;168.48;168.48;168.48;173.5;38.3;32.8;35.6;33.2
5302;5304;240300;Nusa Tenggara Timur;Timor Tengah Selatan;167.2;167.2;167.2;155.57;52.9;42.4;39.7;46.2
5303;5305;240400;Nusa Tenggara Timur;Timor Tengah Utara;132.4;132.4;132.4;132.4;46.9;44.9;35.3;42.9
5304;5306;240500;Nusa Tenggara Timur;Belu;147.3;147.3;147.3;157.47;41.2;35.8;25.2;42.4
5305;5307;240600;Nusa Tenggara Timur;Alor;167.47;149.79;149.79;140.31;20.9;31.3;31.2;33.7
5306;5309;240700;Nusa Tenggara Timur;Flores Timur;152.8;152.8;152.8;152.8;34.4;32.4;33.4;26.1
5307;5310;240800;Nusa Tenggara Timur;Sikka;137.78;137.78;137.78;137.78;35.1;34.3;41.4;41.3
5308;5311;240900;Nusa Tenggara Timur;Ende;147.84;147.84;147.84;138.78;35.2;42.5;42;59
5309;5312;241000;Nusa Tenggara Timur;Ngada;115.7;115.7;115.7;128.63;50.3;45.7;51.5;48
5310;5313;241100;Nusa Tenggara Timur;Manggarai;138.75;138.75;138.75;149.56;45.5;46.9;49.8;48.8
5311;5302;241200;Nusa Tenggara Timur;Sumba Timur;145.2;145.2;145.2;145.2;33.1;41.3;33;32.7
5312;5301;241300;Nusa Tenggara Timur;Sumba Barat;128.4;128.4;128.4;128.4;41.4;32.6;30.8;33.9
5313;5308;241400;Nusa Tenggara Timur;Lembata;149.6;149.6;149.6;149.6;35.6;26.2;30.8;35
5314;5314;241500;Nusa Tenggara Timur;Rote Ndao;142.4;142.4;142.4;142.4;49.2;39.4;29.2;35.3
5315;5315;241600;Nusa Tenggara Timur;Manggarai Barat;163.57;163.57;163.57;165.02;51.1;54.4;49.1;49.8
5316;5318;241700;Nusa Tenggara Timur;Nagekeo;156;156;156;156;36.3;38.2;37.8;40.2
5317;5316;241800;Nusa Tenggara Timur;Sumba Tengah;118.8;118.8;118.8;118.8;20.9;38.6;40.7;41.9
5318;5317;241900;Nusa Tenggara Timur;Sumba Barat Daya;138;138;138;138;26.2;26.3;24.4;33.7
5319;5319;242000;Nusa Tenggara Timur;Manggarai Timur;166.8;166.8;166.8;166.8;44.4;44.2;41.6;42.8
5320;5320;242100;Nusa Tenggara Timur;Sabu Raijua;102.4;102.4;102.4;102.4;41.5;33.7;38;56.1
5321;5321;242200;Nusa Tenggara Timur;Malaka;136.13;136.13;136.13;157.47;38.7;37.2;50.7;43.3
5371;5371;246000;Nusa Tenggara Timur;Kota Kupang;99.36;94.2;94.2;98.53;44.9;42.8;41.8;56.6
6101;6101;130100;Kalimantan Barat;Sambas;172.2;172.2;172.2;172.2;23.54;24.94;26.2;27.16
6102;6104;130200;Kalimantan Barat;Mempawah;180.4;180.4;180.4;172.22;31.87;31.45;33.83;34.06
6103;6105;130300;Kalimantan Barat;Sanggau;131.6;131.6;131.6;131.6;25.63;28.04;26.03;23.65
6104;6106;130600;Kalimantan Barat;Ketapang;124.47;124.47;124.47;124.47;29.47;33.07;33.56;38.77
6105;6107;130400;Kalimantan Barat;Sintang;123.26;123.26;123.26;123.26;25.12;28.61;26.68;26.89
6106;6108;130500;Kalimantan Barat;Kapuas Hulu;129.23;129.23;129.23;139.42;24.59;26.08;29.02;30.08
6107;6102;130800;Kalimantan Barat;Bengkayang;134.33;134.33;134.33;117.31;28.18;29.98;28.37;29.99
6108;6103;130900;Kalimantan Barat;Landak;100.64;100.64;100.64;109.93;37.96;35.86;37.33;41.02
6109;6109;131000;Kalimantan Barat;Sekadau;142;142;142;142;29.44;27.97;29.77;31.59
6110;6110;131100;Kalimantan Barat;Melawi;132.4;132.4;132.4;132.4;24.02;26.95;27.88;30.72
6111;6111;131200;Kalimantan Barat;Kayong Utara;168.4;168.4;168.4;167.26;26.5;27.65;31.71;37.17
6112;6112;131300;Kalimantan Barat;Kubu Raya;168.4;168.4;168.4;168.4;28.59;29.85;30.68;30.22
6171;6171;136000;Kalimantan Barat;Kota Pontianak;85.66;85.66;85.66;85.66;32.33;27.5;37.14;36.97
6172;6172;136100;Kalimantan Barat;Kota Singkawang;145.82;145.82;145.82;155.47;32.06;33.76;38.72;38.05
6201;6201;140500;Kalimantan Tengah;Kotawaringin Barat;144.4;144.4;144.4;133.58;32.23;29.65;33.89;38.22
6202;6202;140400;Kalimantan Tengah;Kotawaringin Timur;156.4;156.4;156.4;156.4;33.22;28.69;29.71;29.39
6203;6203;140100;Kalimantan Tengah;Kapuas;123.33;123.33;123.33;140.09;41.09;32.82;33.05;31.83
6204;6204;140200;Kalimantan Tengah;Barito Selatan;120.4;120.4;120.4;120.4;33.62;28.64;30.6;26.94
6205;6205;140300;Kalimantan Tengah;Barito Utara;120.4;120.4;120.4;117.57;27.96;26.28;16.88;27.53
6206;6209;140600;Kalimantan Tengah;Katingan;163.2;163.2;163.2;163.2;30.3;27.33;27.29;26.06
6207;6208;140700;Kalimantan Tengah;Seruyan;144.4;144.4;144.4;144.4;22.37;24.74;21.72;24.57
6208;6206;140800;Kalimantan Tengah;Sukamara;144.4;144.4;144.4;144.4;23.69;28.87;22.52;32.75
6209;6207;140900;Kalimantan Tengah;Lamandau;93.2;93.2;93.2;93.2;31.4;35.56;20.42;40.5
6210;6211;141000;Kalimantan Tengah;Gunung Mas;139.2;139.2;139.2;139.2;22.27;24.51;21.92;25.37
6211;6210;141100;Kalimantan Tengah;Pulang Pisau;168.4;168.4;168.4;146.47;32.33;30.59;30.95;29.62
6212;6212;141200;Kalimantan Tengah;Murung Raya;120.4;120.4;120.4;120.4;31.32;30.93;24.35;34.5
6213;6213;141300;Kalimantan Tengah;Barito Timur;120.4;120.4;120.4;116.65;15.68;17.52;23.2;16.88
6271;6271;146000;Kalimantan Tengah;Kota Palangkaraya;103.5;99.29;99.29;94.57;32.73;32.23;;28.99
6301;6301;150200;Kalimantan Selatan;Tanah Laut;178;178;178;178;33.45;41.37;39.23;37.91
6302;6302;150900;Kalimantan Selatan;Kotabaru;158.79;158.79;158.79;172.71;39.49;31.81;32.39;37.31
6303;6303;150100;Kalimantan Selatan;Banjar;176.4;176.4;176.4;165.12;33.91;31.84;37.6;38.45
6304;6304;150300;Kalimantan Selatan;Barito Kuala;155.45;155.45;155.45;155.96;39.3;32.21;35.7;35.26
6305;6305;150400;Kalimantan Selatan;Tapin;140.4;140.4;140.4;128.79;44.21;40.04;39.51;39.94
6306;6306;150500;Kalimantan Selatan;Hulu Sungai Selatan;152.4;152.4;152.4;150;44.65;40.37;43.78;43.21
6307;6307;150600;Kalimantan Selatan;Hulu Sungai Tengah;140.4;140.4;140.4;133.87;52.3;46.05;43.98;49.92
6308;6308;150700;Kalimantan Selatan;Hulu Sungai Utara;128.4;128.4;128.4;126;39.69;52.66;54.46;45.88
6309;6309;150800;Kalimantan Selatan;Tabalong;152.4;152.4;152.4;149.03;45.52;40.62;37.13;44.42
6310;6310;151100;Kalimantan Selatan;Tanah Bumbu;155.6;155.6;155.6;143.94;49.19;46.02;41.44;38
6311;6311;151000;Kalimantan Selatan;Balangan;147.2;147.2;139.89;133.77;35.29;39.36;35.01;38.16
6371;6371;156000;Kalimantan Selatan;Kota Banjarmasin;96.4;96.4;96.4;96.4;41.3;43.25;39.95;38.97
6372;6372;156100;Kalimantan Selatan;Kota Banjarbaru;108;108;108;108;38.07;36.66;30.22;31.81
6401;6401;160100;Kalimantan Timur;Paser;196.4;196.4;196.4;196.4;38.13;37.08;40.83;39.56
6402;6403;160200;Kalimantan Timur;Kutai Kartanegara;124.79;124.79;119.16;119.16;46.34;38.65;34.72;37.79
6403;6405;160300;Kalimantan Timur;Berau;202.4;202.4;202.4;202.4;30.34;35.08;36.14;38.85
6407;6402;160900;Kalimantan Timur;Kutai Barat;156.4;156.4;156.4;156.4;27.53;32.87;23.48;38.29
6408;6404;161000;Kalimantan Timur;Kutai Timur;190;190;190;190;35.82;35.07;34.3;35.84
6409;6409;161100;Kalimantan Timur;Penajam Paser Utara;160.4;160.4;158.32;151.67;34.32;31.68;33.77;31.2
6411;6411;161200;Kalimantan Timur;Mahakam Ulu;156.4;156.4;156.4;156.4;20.5;32.35;23.29;40.14
6471;6471;166100;Kalimantan Timur;Kota Balikpapan;108.14;108.14;108.14;123.46;30;29.77;35.46;34.49
6472;6472;166000;Kalimantan Timur;Kota Samarinda;109.95;102.94;102.94;101.05;41.12;35.67;38.44;42.82
6474;6474;166300;Kalimantan Timur;Kota Bontang;150;150;150;135.89;32.47;39.25;40.47;42.55
6501;6502;340200;Kalimantan Utara;Bulungan;184.4;184.4;184.4;173.85;33.17;29.14;33.42;32.9
6502;6501;340100;Kalimantan Utara;Malinau;124.4;124.4;124.4;155.85;30.69;33.39;32.03;29.76
6503;6504;340500;Kalimantan Utara;Nunukan;169.32;169.32;169.32;170.49;33.89;35.7;37.05;36.85
6504;6503;340300;Kalimantan Utara;Tana Tidung;174.8;174.8;174.8;169.79;30.02;25.91;25.56;28.01
6571;6571;346000;Kalimantan Utara;Kota Tarakan;115.18;115.18;115.18;115.18;31.07;39.47;19.04;26.15
7101;7101;170100;Sulawesi Utara;Bolaang Mongondow;149.6;149.6;149.6;121.75;45.82;44.8;39.7;38.2
7102;7102;170200;Sulawesi Utara;Minahasa;205.5;205.5;205.5;199.4;58.18;43.38;45.26;47.91
7103;7103;170300;Sulawesi Utara;Kepulauan Sangihe;146.47;132.74;132.74;137.34;36.49;43.26;46.67;39.29
7104;7104;170400;Sulawesi Utara;Kepulauan Talaud;102.8;102.8;102.8;102.8;35.23;43.74;40.03;38.31
7105;7105;170500;Sulawesi Utara;Minahasa Selatan;143.59;143.59;143.59;134.8;42.49;43.33;34.83;36.58
7106;7106;170600;Sulawesi Utara;Minahasa Utara;119.84;119.84;119.84;125.31;40.75;46.12;40.85;40.07
7107;7109;171000;Sulawesi Utara;Minahasa Tenggara;195.2;195.2;195.2;185.08;45.23;44.66;39.2;34.31
7108;7107;170800;Sulawesi Utara;Bolaang Mongondow Utara;144;144;144;144;44.42;45.04;40.87;31.57
7109;7108;170900;Sulawesi Utara;Kepulauan Siau Tagulandang Biaro;179.2;179.2;179.2;155.86;;;;
7110;7111;171100;Sulawesi Utara;Bolaang Mongondow Timur;157.6;157.6;157.6;148.45;41.57;44.61;43.62;43.2
7111;7110;171200;Sulawesi Utara;Bolaang Mongondow Selatan;149.6;149.6;149.6;149.6;38;46.16;43.41;39.41
7171;7171;176000;Sulawesi Utara;Kota Manado;107.89;107.89;107.89;100.26;33.51;37.94;;
7172;7172;176100;Sulawesi Utara;Kota Bitung;125.28;109.23;109.23;100.69;43.47;43.52;40.7;38.41
7173;7173;176200;Sulawesi Utara;Kota Tomohon;119.2;119.2;119.2;119.2;47.1;59.04;44.84;52.91
7174;7174;176300;Sulawesi Utara;Kota Kotamobagu;76;76;76;74.83;42.09;45.49;37.56;44.41
7201;7202;180400;Sulawesi Tengah;Banggai;163.2;163.2;163.2;163.2;39.2;43.58;42.12;43.46
7202;7204;180300;Sulawesi Tengah;Poso;132.24;121.14;121.14;118.85;52.15;49.26;39.3;43.14
7203;7205;180200;Sulawesi Tengah;Donggala;157.13;157.13;157.13;166.75;45.6;40.82;48.29;46.64
7204;7206;180600;Sulawesi Tengah;Toli Toli;159.2;159.2;159.2;159.2;46.34;44.98;56.04;47.54
7205;7207;180500;Sulawesi Tengah;Buol;149.6;149.6;149.6;149.6;42.43;53.85;41.57;41.43
7206;7203;180700;Sulawesi Tengah;Morowali;177.2;173.8;173.8;174.82;43.09;42.76;45.6;50.7
7207;7201;180100;Sulawesi Tengah;Banggai Kepulauan;163.2;163.2;163.2;163.2;46.05;45.4;45.23;37.54
7208;7208;180800;Sulawesi Tengah;Parigi Moutong;108.39;108.39;108.39;108.39;39.3;40.9;45.81;52.7
7209;7209;180900;Sulawesi Tengah;Tojo Una Una;137.6;137.6;137.6;137.6;50.03;47.92;44.2;40.79
7210;7210;181000;Sulawesi Tengah;Sigi;52.16;48.13;48.13;51;45.36;43.71;44.81;50.55
7211;7211;181100;Sulawesi Tengah;Banggai Laut;163.2;163.2;163.2;163.2;45.6;45.02;;
7212;7212;181200;Sulawesi Tengah;Morowali Utara;177.2;177.2;177.2;174.82;;;44.17;44.42
7271;7271;186000;Sulawesi Tengah;Kota Palu;162.7;162.7;162.7;168.25;42.91;42.64;43.89;45.72
7301;7301;191300;Sulawesi Selatan;Kepulauan Selayar;155.2;155.2;155.2;155.2;46.47;39.16;46.43;66.46
7302;7302;191100;Sulawesi Selatan;Bulukumba;163.2;163.2;163.2;163.2;50.62;46.28;43.09;49.2
7303;7303;191000;Sulawesi Selatan;Bantaeng;107.73;107.73;107.73;102.2;50.78;49.61;51.35;53.21
7304;7304;190500;Sulawesi Selatan;Jeneponto;151.2;151.2;151.2;151.2;55.78;47.14;45.32;56.25
7305;7305;190400;Sulawesi Selatan;Takalar;135.04;135.04;135.04;131.33;42.45;43.4;38.61;36.84
7306;7306;190300;Sulawesi Selatan;Gowa;128.86;115.42;115.42;106.27;50.94;49.1;47.77;47.97
7307;7307;191200;Sulawesi Selatan;Sinjai;165.6;165.6;165.6;165.6;49.22;43.99;44.34;45.75
7308;7311;190700;Sulawesi Selatan;Bone;191.2;191.2;191.2;183.85;48.1;45.61;47.01;48.91
7309;7308;190100;Sulawesi Selatan;Maros;157.93;157.93;157.93;157.93;46.36;46.99;44.14;51.27
7310;7309;190200;Sulawesi Selatan;Pangkajene Kepulauan;168.4;168.4;168.4;168.4;43.97;46.18;49.54;48.34
7311;7310;190600;Sulawesi Selatan;Barru;180.4;180.4;180.4;162.65;53.79;58.32;61;57.16
7312;7312;190900;Sulawesi Selatan;Soppeng;131.2;131.2;131.2;131.2;53.36;53.92;56.71;56.7
7313;7313;190800;Sulawesi Selatan;Wajo;179.2;179.2;179.2;179.2;46.05;48.46;43.73;50.13
7314;7314;191500;Sulawesi Selatan;Sidenreng Rappang;119.2;119.2;119.2;119.2;58.27;55.33;49.91;53.67
7315;7315;191400;Sulawesi Selatan;Pinrang;179.2;179.2;179.2;161.57;59.58;60.17;55.8;60.41
7316;7316;191600;Sulawesi Selatan;Enrekang;150;150;150;144.23;52.21;45.9;48.38;47.63
7317;7317;191700;Sulawesi Selatan;Luwu;192.23;192.23;192.23;187.71;48.98;54.9;48.57;51.48
7318;7318;191800;Sulawesi Selatan;Tana Toraja;150;150;150;150;43.77;43.88;47;47.53
7322;7322;192400;Sulawesi Selatan;Luwu Utara;185.25;185.25;185.25;169.57;47.6;46.09;39.53;51.33
7324;7325;192600;Sulawesi Selatan;Luwu Timur;202;202;202;195.1;53.29;50.78;58.9;59.92
7326;7326;192700;Sulawesi Selatan;Toraja Utara;150;150;150;150;40.25;45.3;43.78;43.73
7371;7371;196000;Sulawesi Selatan;Kota Makassar;131.78;131.78;131.78;127.18;48.18;47.89;44.89;43.19
7372;7372;196100;Sulawesi Selatan;Kota Pare Pare;155.2;155.2;155.2;155.2;57.55;46.06;43.52;43.66
7373;7373;196200;Sulawesi Selatan;Kota Palopo;211.2;211.2;211.2;198.94;62.76;64.17;53.75;63.93
7401;7404;200400;Sulawesi Tenggara;Kolaka;129.85;129.85;129.85;132.84;42.58;44.68;46.97;46.19
7402;7403;200100;Sulawesi Tenggara;Konawe;153.19;153.19;153.19;159.31;37.36;38.27;40.08;38.53
7403;7402;200200;Sulawesi Tenggara;Muna;174.4;174.4;174.4;174.4;32.64;27.63;25.22;34.2
7404;7401;200300;Sulawesi Tenggara;Buton;155.93;155.93;155.93;158.47;36.48;34.11;28.06;35.92
7405;7405;200500;Sulawesi Tenggara;Konawe Selatan;176.8;176.8;176.8;168.79;31.46;33.87;32.06;39.07
7406;7406;200700;Sulawesi Tenggara;Bombana;178.8;178.8;178.8;178.8;42.43;43.85;43.19;47.97
7407;7407;200600;Sulawesi Tenggara;Wakatobi;135.6;135.6;135.6;135.6;;;;
7408;7408;200800;Sulawesi Tenggara;Kolaka Utara;151.32;151.32;151.32;151.89;39.39;41.68;43.85;40.14
7409;7410;200900;Sulawesi Tenggara;Konawe Utara;172.4;172.4;172.4;162.39;28.95;36.71;33.93;35.2
7410;7409;201000;Sulawesi Tenggara;Buton Utara;169.6;169.6;169.6;169.6;36.34;29.77;31.26;35.85
7411;7411;201100;Sulawesi Tenggara;Kolaka Timur;127.35;127.35;127.35;130.25;44.13;42.39;45.11;45.5
7412;7412;201200;Sulawesi Tenggara;Konawe Kepulauan;146.52;146.52;146.52;159.31;37.59;38.3;38.7;41.99
7413;7413;201300;Sulawesi Tenggara;Muna Barat;174.4;174.4;174.4;174.4;33.22;35.8;35.14;38.45
7414;7414;201600;Sulawesi Tenggara;Buton Tengah;155.93;155.93;155.93;158.47;;;;40.52
7415;7415;201400;Sulawesi Tenggara;Buton Selatan;155.93;155.93;155.93;158.47;20;27.12;23.3;33.43
7471;7471;206000;Sulawesi Tenggara;Kota Kendari;128.44;128.44;128.44;116.5;35.64;39.37;33.3;33.02
7472;7472;206100;Sulawesi Tenggara;Kota Bau Bau;194.8;194.8;194.8;194.8;37.89;44.14;37.2;40.83
7501;7502;300200;Gorontalo;Gorontalo;114.92;103.21;103.21;94.04;48.27;46.64;46.89;44.98
7502;7501;300100;Gorontalo;Boalemo;122.4;122.4;122.4;122.4;42.06;43.79;44.81;45.78
7503;7504;300400;Gorontalo;Bone Bolango;147.2;147.2;147.2;147.2;54.56;49.19;48.89;59.77
7504;7503;300300;Gorontalo;Pahuwato;161.6;161.6;161.6;161.6;50.79;52.58;47.67;54.3
7505;7505;300500;Gorontalo;Gorontalo Utara;137.6;137.6;137.6;134.37;43.34;45.28;44.05;46.77
7571;7571;306000;Gorontalo;Kota Gorontalo;98.9;87.82;87.82;78.75;55.37;53.14;54.39;54.78
7601;7605;330200;Sulawesi Barat;Pasangkayu;176.8;176.8;176.8;176.8;38.66;39.13;46.73;46.21
7602;7604;330100;Sulawesi Barat;Mamuju;145.13;145.13;145.13;145.13;39.2;48.44;51.91;53.09
7603;7603;330400;Sulawesi Barat;Mamasa;154;154;154;147.02;43.44;40.04;42.32;40.68
7604;7602;330300;Sulawesi Barat;Polewali Mandar;140.81;140.81;140.81;140.81;54.93;51.07;59.33;56.75
7605;7601;330500;Sulawesi Barat;Majene;216.08;216.08;216.08;217.62;36.81;44.1;41.82;51.23
7606;7606;330600;Sulawesi Barat;Mamuju Tengah;166.13;166.13;166.13;161.71;44.14;51.07;47.01;47.87
8101;8103;210100;Maluku;Maluku Tengah;154.81;154.81;154.81;154.81;35.52;38.59;40.97;39.9
8102;8102;210200;Maluku;Maluku Tenggara;169;169;169;172.06;21.07;17.37;18.15;33.4
8103;8101;210400;Maluku;Kepulauan Tanimbar;181.2;181.2;181.2;181.2;27.45;28.06;12.32;38.6
8104;8104;210300;Maluku;Buru;133.55;136.55;136.55;135.08;43.51;38.22;37.52;42.3
8105;8107;210600;Maluku;Seram Bagian Timur;114.73;114.73;114.73;125.19;39.93;37.37;35.73;37.7
8106;8106;210500;Maluku;Seram Bagian Barat;170.18;170.18;170.18;170.18;43.27;30.86;32.83;49.2
8107;8105;210700;Maluku;Kepulauan Aru;186;186;186;186;;;;
8108;8108;210800;Maluku;Maluku Barat Daya;223.2;223.2;223.2;223.2;40.16;17.2;18.33;33.5
8109;8109;210900;Maluku;Buru Selatan;155.2;155.2;155.2;155.2;;;;
8171;8171;216000;Maluku;Kota Ambon;109.59;105.02;105.02;98.33;;;;
8172;8172;216100;Maluku;Kota Tual;168;168;168;168;;;;
8201;8201;270300;Maluku Utara;Halmahera Barat;143.18;143.18;143.18;143.55;30;31.25;32.38;36.67
8202;8202;270200;Maluku Utara;Halmahera Tengah;75.2;75.2;75.2;75.2;45.57;40.29;38.18;35.41
8203;8205;270400;Maluku Utara;Halmahera Utara;170.58;162.74;162.74;155.67;38.75;29.46;35;39.53
8204;8204;270500;Maluku Utara;Halmahera Selatan;213.82;213.82;213.82;216.99;37.87;34.98;36.47;39.52
8205;8203;270700;Maluku Utara;Kepulauan Sula;152.37;152.37;152.37;157.17;31.78;23.64;33.21;29.62
8206;8206;270600;Maluku Utara;Halmahera Timur;173.2;173.2;173.2;173.2;32.25;33.69;49.23;33.35
8207;8207;270800;Maluku Utara;Pulau Morotai;119.61;118.44;118.44;120.36;19.08;30.82;34.11;47.76
8208;8208;270100;Maluku Utara;Pulau Taliabu;152.37;152.37;152.37;161.05;38.57;0;;
8271;8271;276000;Maluku Utara;Kota Ternate;111.93;104.49;104.49;101.89;0;0;;
8272;8272;276100;Maluku Utara;Kota Tidore Kepulauan;159.9;159.9;159.9;161.25;36;27.25;37.82;
9101;9401;250700;Papua;Merauke;170;170;170;170;42.62;43.77;31.4;44.27
9102;9402;250800;Papua;Jayawijaya;115.2;115.2;115.2;115.2;40.65;37.86;31.32;34.21
9103;9403;250100;Papua;Jayapura;203.2;203.2;203.2;203.2;40.84;39.29;33.62;43.22
9104;9404;250900;Papua;Nabire;162.06;162.06;162.06;162.06;41.74;41.44;31.89;41.91
9105;9408;250300;Papua;Kepulauan Yapen;83.48;83.48;83.48;83.48;;;;
9106;9409;250200;Papua;Biak Numfor;138.4;138.4;138.4;138.4;;;;
9107;9411;251100;Papua;Puncak Jaya;117.2;117.2;117.2;117.2;;;;
9108;9410;251000;Papua;Paniai;116.8;116.8;116.8;116.8;;;;
9109;9412;251200;Papua;Mimika;138.8;138.8;138.8;138.8;40.96;35.41;33.46;
9110;9419;251900;Papua;Sarmi;166.98;166.98;166.98;166.98;43.53;41.84;31.5;37.54
9111;9420;252000;Papua;Keerom;127.2;127.2;127.2;127.2;41.8;36.91;36.33;42.68
9112;9417;251700;Papua;Pegunungan Bintang;126.4;126.4;126.4;126.4;;;;
9113;9416;251600;Papua;Yahukimo;132.8;132.8;132.8;132.8;;;;
9114;9418;251800;Papua;Tolikara;114;114;114;114;;;;
9115;9426;252600;Papua;Waropen;140;140;140;140;35.89;45;34.13;43.89
9116;9413;251300;Papua;Boven Digoel;133.2;133.2;133.2;133.2;;;46.82;41.14
9117;9414;251400;Papua;Mappi;126.4;126.4;126.4;126.4;;27.14;36.1;
9118;9415;251500;Papua;Asmat;123.2;123.2;123.2;123.2;;;;
9119;9427;252700;Papua;Supiori;92.4;92.4;92.4;92.4;;;;
9120;9428;252800;Papua;Mamberamo Raya;165.6;165.6;165.6;165.6;;;;
9121;9431;253100;Papua;Mamberamo Tengah;44.8;44.8;44.8;44.8;;;;
9122;9432;253200;Papua;Yalimo;95.6;95.6;95.6;95.6;;;;
9123;9430;253000;Papua;Lanny Jaya;91.2;91.2;91.2;91.2;;;;
9124;9429;252900;Papua;Nduga;96.4;96.4;96.4;96.4;;;;
9125;9433;253300;Papua;Puncak;99.6;99.6;99.6;99.6;;;;
9126;9434;253400;Papua;Dogiyai;123.6;123.6;123.6;123.6;;;;
9127;9435;253600;Papua;Intan Jaya;67.2;67.2;67.2;67.2;;;;
9128;9436;253500;Papua;Deiyai;108.4;108.4;108.4;108.4;;;;
9171;9471;256000;Papua;Kota Jayapura;143.94;143.94;143.94;128.86;43.59;40.38;31.33;35.86
9201;9107;320700;Papua Barat;Sorong;183.2;183.2;183.2;183.2;34.18;34.4;24.05;33.66
9202;9105;320500;Papua Barat;Manokwari;146.96;146.96;146.96;146.96;28.49;41.79;32.9;40.48
9203;9101;320100;Papua Barat;Fak Fak;105.2;105.2;105.2;105.2;;41.63;36.74;
9204;9106;320600;Papua Barat;Sorong Selatan;178.8;178.8;178.8;178.8;;48.98;;39.1
9205;9108;320800;Papua Barat;Raja Ampat;135.75;135.75;135.75;153.91;30;41.63;27.16;27.67
9206;9104;320400;Papua Barat;Teluk Bintuni;166.8;166.8;166.8;166.8;23.03;35.81;35.28;37.9
9207;9103;320300;Papua Barat;Teluk Wondama;147.2;147.2;147.2;143.74;30;42.66;32.12;38.91
9208;9102;320200;Papua Barat;Kaimana;122;122;122;122;;;;
9209;9109;320500;Papua Barat;Tambrauw;118.4;118.4;118.4;118.4;;;;
9210;9110;321000;Papua Barat;Maybrat;88;88;88;88;;;;
9211;9111;321200;Papua Barat;Manokwari Selatan;152.06;152.06;152.06;160.35;28.8;53.77;36.58;55.42
9212;9112;321100;Papua Barat;Pegunungan Arfak;152.06;152.06;152.06;160.35;;;;
9271;9171;326000;Papua Barat;Kota Sorong;176.25;176.25;176.25;176.25;;;;
